"Ticker","Company","Country","Exchange","Industry","EPS Normalized Actual vs Estimate (Quarterly)","Revenue Actual vs Estimate (Quarterly)","FCF Yield","Forward FCF Yield","Stock Price","TR 1M Performance","YTD Performance","Revenue Forward 2Y CAGR","CapEx to Revenue","PEG Ratio","Market Cap (M)","Buyback Yield","Revenue 3Y CAGR","Operating Margin","Net Debt / EBITDA","Beta","TR 3Y Performance (CAGR)","Diluted EPS 3Y CAGR","EPS Normalized Forward 2Y CAGR","Return on Invested Capital","TR 5Y Performance (CAGR)"
"BLK","BlackRock, Inc.","US","NYSE","Capital Markets","9.0%","4.0%","2.3%","5.3%","$990.87","-5.8%","-8.7%","12.9%","0.0","2.4","$161,354.18","1.2%","13.8%","35.2%","0.2","1.5","16.3%","7.3%","12.3%","5.0%","4.6%"
"TKO","TKO Group Holdings, Inc.","US","NYSE","Entertainment","-80.8%","0.3%","4.5%","3.7%","$198.57","6.8%","-4.0%","10.8%","0.0","0.7","$37,951.95","4.5%","62.2%","18.9%","2.9","0.3","28.0%","199.9%","54.3%","5.9%","30.3%"
"CNM","Core & Main, Inc.","US","NYSE","Trading Companies and Distributors","11.7%","-0.5%","6.0%","5.8%","$52.12","7.6%","-2.4%","3.5%","0.0","2.9","$10,136.82","1.5%","4.8%","9.4%","2.4","1.0","24.2%","2.7%","13.5%","10.6%",""
"HESM","Hess Midstream LP","US","NYSE","Oil, Gas and Consumable Fuels","0.6%","0.2%","10.0%","10.7%","$38.47","-0.6%","11.0%","2.0%","0.1","-4.6","$7,931.68","4.5%","8.7%","61.9%","3.1","0.6","19.5%","13.2%","3.6%","20.5%","17.0%"
"YOU","Clear Secure, Inc.","US","NYSE","Software","6.7%","3.5%","5.8%","5.7%","$56.08","-0.3%","63.1%","18.0%","0.0","1.4","$7,495.73","0.7%","25.3%","22.4%","-2.9","1.2","36.5%","20.6%","28.3%","13.3%",""
"HGTY","Hagerty, Inc.","US","NYSE","Insurance","139.6%","10.1%","4.7%","","$10.09","0.2%","-23.3%","2.5%","0.0","-0.4","$3,464.45","0.1%","19.8%","12.8%","-3.2","0.9","2.2%","49.4%","26.5%","15.6%","0.6%"
"NVDA","NVIDIA Corporation","US","NasdaqGS","Semiconductors and Semiconductor Equipment","5.3%","3.2%","2.3%","3.5%","$214.75","8.2%","13.7%","59.3%","0.0","0.4","$5,201,357.79","1.0%","114.0%","64.0%","-0.2","2.3","76.5%","225.4%","53.5%","107.0%","65.0%"
"GOOGL","Alphabet Inc.","US","NasdaqGS","Interactive Media and Services","94.1%","2.7%","1.5%","0.6%","$358.99","-6.3%","13.9%","19.7%","0.3","0.9","$4,331,383.64","0.7%","14.1%","32.7%","-0.2","1.1","41.8%","42.8%","13.4%","25.0%","24.6%"
"AAPL","Apple Inc.","US","NasdaqGS","Technology Hardware, Storage and Peripherals","6.2%","1.5%","2.8%","3.5%","$310.26","12.2%","14.5%","11.5%","0.0","2.2","$4,556,899.07","1.8%","5.4%","32.6%","-0.4","1.1","20.6%","11.9%","12.2%","40.3%","20.4%"
"MSFT","Microsoft Corporation","US","NasdaqGS","Software","5.2%","1.8%","2.3%","2.0%","$427.34","3.5%","-9.6%","16.8%","0.3","1.1","$3,174,467.29","0.6%","15.3%","46.8%","0.3","1.1","9.2%","22.1%","18.5%","22.1%","12.2%"
"AVGO","Broadcom Inc.","US","NasdaqGS","Semiconductors and Semiconductor Equipment","1.3%","0.5%","1.4%","3.0%","$479.23","15.1%","37.9%","61.4%","0.0","1.2","$2,268,995.03","0.4%","29.1%","44.4%","1.1","1.2","84.0%","23.4%","63.0%","20.4%","62.0%"
"META","Meta Platforms, Inc.","US","NasdaqGS","Interactive Media and Services","7.2%","1.4%","3.1%","0.6%","$622.98","2.1%","-4.2%","22.6%","0.4","2.7","$1,581,386.95","2.0%","22.4%","41.2%","0.1","1.3","31.9%","50.6%","10.3%","29.2%","13.5%"
"LLY","Eli Lilly and Company","US","NYSE","Pharmaceuticals","9.1%","11.2%","1.2%","2.9%","$1,078.78","11.6%","-0.1%","22.7%","0.1","0.8","$961,992.79","0.5%","37.7%","47.3%","1.0","0.4","35.4%","64.8%","31.9%","35.3%","41.1%"
"AMD","Advanced Micro Devices, Inc.","US","NasdaqGS","Semiconductors and Semiconductor Equipment","16.0%","3.4%","1.0%","2.9%","$542.52","58.8%","142.8%","48.3%","0.0","2.4","$884,633.46","0.1%","17.5%","11.8%","-1.1","1.9","66.4%","134.1%","63.0%","7.5%","46.1%"
"V","Visa Inc.","US","NYSE","Financial Services","6.8%","4.5%","3.6%","4.2%","$312.40","-4.2%","-9.8%","12.2%","0.0","1.9","$588,531.21","3.6%","11.6%","67.1%","0.3","0.8","12.1%","15.3%","13.5%","28.4%","7.1%"
"MA","Mastercard Incorporated","US","NYSE","Financial Services","12.3%","1.7%","4.3%","3.6%","$471.55","-6.6%","-16.3%","12.8%","0.0","1.8","$416,653.97","3.2%","14.1%","59.5%","0.5","0.9","9.0%","20.0%","15.5%","41.9%","5.8%"
"CAT","Caterpillar Inc.","US","NYSE","Machinery","9.5%","5.9%","1.9%","2.3%","$926.18","5.9%","54.8%","11.4%","0.1","1.7","$426,591.08","1.6%","4.7%","17.4%","2.7","1.6","63.4%","14.1%","21.2%","12.9%","32.9%"
"LRCX","Lam Research Corporation","US","NasdaqGS","Semiconductors and Semiconductor Equipment","7.9%","1.5%","1.4%","2.1%","$343.71","32.9%","85.7%","28.6%","0.0","1.8","$429,833.76","1.1%","4.8%","34.3%","-0.1","1.8","80.2%","13.8%","38.0%","48.4%","40.8%"
"NFLX","Netflix, Inc.","US","NasdaqGS","Entertainment","-6.9%","0.6%","3.5%","2.9%","$81.52","-10.4%","-10.4%","12.7%","0.0","0.6","$343,264.30","1.9%","13.7%","29.7%","0.3","1.7","26.4%","49.3%","23.2%","23.4%","10.5%"
"AMAT","Applied Materials, Inc.","US","NasdaqGS","Semiconductors and Semiconductor Equipment","7.9%","2.8%","1.3%","2.5%","$500.77","28.1%","86.2%","21.5%","0.1","1.6","$397,591.06","0.7%","2.9%","30.3%","-0.1","1.7","56.6%","12.0%","22.2%","27.1%","30.2%"
"KO","The Coca-Cola Company","US","NYSE","Beverages","5.9%","2.0%","3.7%","3.6%","$78.76","0.7%","13.9%","2.0%","0.0","2.8","$338,863.52","0.2%","4.3%","31.8%","1.8","0.4","12.4%","11.9%","7.6%","15.2%","10.2%"
"DELL","Dell Technologies Inc.","US","NYSE","Technology Hardware, Storage and Peripherals","10.7%","22.6%","3.5%","4.8%","$421.08","99.0%","229.5%","28.7%","0.0","0.4","$273,520.21","2.3%","11.3%","8.4%","1.4","1.1","113.9%","68.1%","19.6%","14.5%","54.6%"
"GEV","GE Vernova Inc.","US","NYSE","Electrical Equipment","20.4%","1.0%","2.9%","1.9%","$959.36","-10.7%","41.2%","16.8%","0.0","-3.3","$257,799.21","1.4%","8.7%","6.2%","-1.8","","","20.9%","21.3%","5.2%",""
"APP","AppLovin Corporation","US","NasdaqGS","Software","11.9%","3.8%","2.3%","3.2%","$570.83","20.2%","-7.7%","39.3%","0.0","0.8","$191,764.36","1.2%","28.5%","77.0%","0.2","2.5","181.7%","275.1%","38.2%","108.4%","50.3%"
"ANET","Arista Networks, Inc.","US","NYSE","Communications Equipment","8.2%","3.4%","2.4%","2.2%","$174.37","1.0%","30.5%","26.1%","0.0","2.7","$219,567.16","0.4%","26.0%","42.8%","-2.9","1.4","62.5%","34.3%","20.2%","47.3%","51.4%"
"TMO","Thermo Fisher Scientific Inc.","US","NYSE","Life Sciences Tools and Services","3.8%","1.3%","3.8%","3.9%","$473.95","2.5%","-20.0%","6.3%","0.0","3.0","$176,129.99","2.3%","1.0%","18.8%","3.5","0.9","-2.7%","5.8%","9.3%","8.4%","1.4%"
"MRVL","Marvell Technology, Inc.","US","NasdaqGS","Semiconductors and Semiconductor Equipment","1.1%","0.4%","0.6%","1.2%","$301.65","84.3%","237.5%","42.7%","0.0","2.5","$263,883.42","0.8%","14.6%","16.4%","0.5","1.9","73.9%","145.7%","38.2%","6.2%","44.6%"
"DIS","The Walt Disney Company","US","NYSE","Entertainment","3.4%","1.3%","4.1%","7.9%","$99.39","-1.9%","-11.1%","6.0%","0.1","1.1","$172,591.87","4.2%","3.8%","14.7%","2.1","1.5","3.8%","40.6%","11.2%","7.5%","-10.5%"
"T","AT&T Inc.","US","NYSE","Diversified Telecommunication Services","3.4%","0.9%","10.6%","10.0%","$23.55","-9.8%","-4.1%","2.7%","0.2","0.9","$163,633.38","4.1%","1.5%","21.3%","3.3","0.6","21.7%","34.8%","9.8%","6.1%","7.4%"
"TJX","The TJX Companies, Inc.","US","NYSE","Specialty Retail","3.1%","2.3%","3.1%","2.9%","$157.90","2.4%","2.3%","6.0%","0.0","3.0","$174,432.83","1.3%","7.0%","12.3%","1.0","0.8","27.7%","16.6%","9.5%","24.9%","20.9%"
"GILD","Gilead Sciences, Inc.","US","NasdaqGS","Biotechnology","2.8%","0.3%","6.4%","7.5%","$128.99","-2.8%","6.1%","4.8%","0.0","2.8","$160,150.10","0.8%","3.2%","40.3%","0.8","0.3","22.5%","18.5%","8.6%","23.1%","18.2%"
"CRM","Salesforce, Inc.","US","NYSE","Software","24.9%","0.7%","9.4%","10.7%","$190.61","2.8%","-24.8%","10.4%","0.0","1.7","$156,109.59","23.6%","10.0%","21.9%","2.4","1.3","-3.2%","183.2%","9.2%","7.4%","-4.3%"
"ISRG","Intuitive Surgical, Inc.","US","NasdaqGS","Health Care Equipment and Supplies","18.7%","5.8%","2.0%","2.4%","$407.29","-10.0%","-27.5%","14.8%","0.0","3.0","$144,246.98","2.4%","18.1%","30.5%","-1.2","1.7","8.7%","31.2%","14.9%","19.1%","8.0%"
"UBER","Uber Technologies, Inc.","US","NYSE","Ground Transportation","-9.6%","-0.4%","6.7%","6.8%","$71.69","-3.0%","-13.5%","13.5%","0.0","-0.5","$145,932.09","5.2%","16.6%","11.7%","0.3","1.2","21.1%","33.2%","32.4%","23.3%","7.4%"
"BKNG","Booking Holdings Inc.","US","NasdaqGS","Hotels, Restaurants and Leisure","5.7%","0.3%","7.1%","7.2%","$164.78","-0.5%","-22.6%","9.2%","0.0","1.5","$127,684.47","6.3%","15.1%","35.3%","0.3","1.3","15.6%","23.0%","16.1%","44.2%","12.2%"
"SPGI","S&P Global Inc.","US","NYSE","Capital Markets","3.2%","2.4%","4.6%","4.6%","$412.29","-2.7%","-19.6%","7.4%","0.0","2.6","$122,029.43","4.5%","9.6%","42.5%","1.5","1.2","3.8%","22.9%","11.5%","8.5%","2.3%"
"NEM","Newmont Corporation","US","NYSE","Metals and Mining","33.5%","11.3%","8.1%","8.6%","$107.47","-0.6%","6.2%","16.0%","0.1","0.3","$114,729.92","3.4%","29.2%","54.0%","-0.2","0.4","40.0%","125.9%","28.2%","17.3%","11.7%"
"ACN","Accenture plc","IE","NYSE","IT Services","3.3%","1.1%","11.5%","8.8%","$177.43","-1.5%","-31.7%","5.7%","0.0","2.0","$108,931.24","4.5%","4.5%","15.7%","-0.1","1.3","-14.8%","4.0%","7.4%","19.0%","-7.3%"
"PH","Parker-Hannifin Corporation","US","NYSE","Machinery","6.8%","1.6%","3.4%","3.2%","$850.76","-1.7%","-4.8%","6.8%","0.0","2.2","$107,269.26","1.8%","4.9%","21.7%","1.7","1.2","37.6%","32.8%","11.6%","13.9%","24.0%"
"ADBE","Adobe Inc.","US","NasdaqGS","Software","3.2%","1.9%","10.0%","9.7%","$256.24","0.9%","-23.1%","9.4%","0.0","1.2","$103,572.21","10.2%","10.8%","36.9%","-0.0","1.5","-16.1%","19.1%","12.3%","26.0%","-12.7%"
"CEG","Constellation Energy Corporation","US","NasdaqGS","Electric Utilities","2.4%","27.9%","1.2%","3.8%","$267.24","-16.6%","-27.0%","16.0%","0.1","0.9","$95,431.94","0.4%","4.2%","16.8%","2.7","1.1","46.1%","182.2%","20.8%","5.0%",""
"HWM","Howmet Aerospace Inc.","US","NYSE","Aerospace and Defense","8.7%","3.2%","1.7%","1.6%","$248.63","3.8%","17.4%","15.4%","0.0","1.7","$99,478.72","1.0%","13.2%","26.4%","0.9","1.3","77.6%","55.3%","22.1%","20.7%","48.3%"
"SPOT","Spotify Technology S.A.","SE","NYSE","Entertainment","18.0%","0.3%","3.7%","4.1%","$487.54","11.2%","-15.2%","13.8%","0.0","1.5","$100,248.00","0.9%","13.1%","13.7%","-2.4","1.7","46.1%","43.7%","23.4%","43.8%","15.6%"
"TT","Trane Technologies plc","IE","NYSE","Building Products","1.6%","3.2%","3.0%","3.1%","$465.84","-4.2%","17.0%","9.0%","0.0","2.5","$102,976.48","1.2%","9.8%","18.0%","0.8","1.2","40.7%","18.7%","13.6%","18.8%","22.2%"
"MAR","Marriott International, Inc.","US","NasdaqGS","Hotels, Restaurants and Leisure","-1.5%","1.1%","2.5%","3.2%","$376.75","8.7%","20.2%","6.1%","0.1","2.5","$99,344.69","3.3%","7.6%","59.3%","3.6","1.2","29.8%","3.8%","14.1%","11.3%","22.5%"
"FCX","Freeport-McMoRan Inc.","US","NYSE","Metals and Mining","21.9%","4.9%","1.7%","3.9%","$70.64","27.1%","36.0%","14.8%","0.2","0.8","$101,549.23","0.2%","7.0%","27.0%","0.7","1.5","25.7%","1.6%","44.7%","9.7%","12.6%"
"GD","General Dynamics Corporation","US","NYSE","Aerospace and Defense","1.3%","6.1%","6.8%","5.2%","$337.04","-3.4%","-1.9%","4.8%","0.0","2.8","$91,008.62","0.3%","10.5%","10.3%","1.0","0.4","19.7%","9.1%","8.0%","9.0%","14.1%"
"AEM","Agnico Eagle Mines Limited","CA","NYSE","Metals and Mining","1.9%","2.1%","5.3%","6.7%","$171.65","-4.4%","0.7%","21.6%","0.2","0.3","$85,831.22","0.8%","31.7%","60.2%","-0.3","0.6","51.7%","27.3%","29.6%","18.1%","22.3%"
"INTU","Intuit Inc.","US","NasdaqGS","Software","12.7%","0.3%","9.1%","6.4%","$311.44","-23.5%","-50.5%","12.6%","0.0","1.0","$85,190.36","5.6%","14.1%","27.5%","0.0","1.3","-10.5%","27.4%","14.6%","14.6%","-7.0%"
"CMI","Cummins Inc.","US","NYSE","Machinery","14.3%","0.4%","2.8%","3.3%","$682.33","4.2%","30.7%","8.7%","0.0","1.5","$94,154.08","0.3%","4.0%","11.5%","1.0","1.1","49.4%","2.7%","15.2%","11.8%","23.8%"
"ADP","Automatic Data Processing, Inc.","US","NasdaqGS","Professional Services","2.3%","1.6%","5.8%","7.9%","$227.75","7.8%","-9.9%","6.0%","0.0","2.0","$91,039.48","1.9%","6.9%","26.6%","0.2","0.9","4.1%","11.1%","9.6%","8.0%","5.1%"
"HCA","HCA Healthcare, Inc.","US","NYSE","Health Care Providers and Services","0.3%","0.2%","9.8%","7.1%","$363.23","-15.0%","-22.8%","4.4%","0.1","1.8","$80,578.87","11.3%","7.9%","15.7%","3.1","1.4","11.0%","13.5%","8.4%","18.7%","12.1%"
"CIEN","Ciena Corporation","US","NYSE","Communications Equipment","15.5%","2.1%","0.8%","0.8%","$620.37","15.2%","152.1%","26.7%","0.0","2.9","$87,719.34","0.5%","10.0%","8.2%","0.4","1.2","135.7%","8.9%","78.9%","9.6%","59.5%"
"NOC","Northrop Grumman Corporation","US","NYSE","Aerospace and Defense","1.3%","1.3%","4.4%","3.5%","$526.06","-6.8%","-10.2%","5.6%","0.0","2.7","$74,718.13","1.7%","4.5%","13.7%","2.1","0.0","7.5%","1.1%","7.1%","10.9%","8.6%"
"MCO","Moody's Corporation","US","NYSE","Capital Markets","2.6%","0.7%","3.5%","3.6%","$448.39","-0.0%","-10.1%","7.1%","0.0","2.7","$78,323.17","3.6%","13.3%","44.9%","1.5","1.5","11.8%","23.1%","11.5%","20.9%","6.9%"
"MRSH","Marsh & McLennan Companies, Inc.","US","NYSE","Insurance","2.1%","2.7%","6.5%","5.9%","$157.32","-6.3%","-13.8%","5.1%","0.0","3.0","$76,000.65","3.2%","9.3%","24.4%","2.7","0.8","-2.3%","7.7%","7.7%","10.1%","4.0%"
"RCL","Royal Caribbean Cruises Ltd.","US","NYSE","Hotels, Restaurants and Leisure","0.1%","-0.5%","1.8%","3.2%","$286.42","11.0%","1.1%","8.4%","0.3","1.6","$76,816.41","2.4%","19.9%","27.9%","3.1","1.9","49.9%","59.3%","12.8%","11.0%","25.6%"
"ROST","Ross Stores, Inc.","US","NasdaqGS","Specialty Retail","5.1%","6.4%","3.5%","3.1%","$232.62","2.9%","27.3%","8.4%","0.0","1.8","$74,620.09","1.7%","8.0%","12.2%","0.2","1.0","32.4%","16.7%","10.9%","24.6%","15.5%"
"CRH","CRH plc","IE","NYSE","Construction Materials","-1.8%","4.1%","4.2%","4.2%","$105.89","-4.1%","-16.3%","5.7%","0.1","1.1","$70,755.72","1.7%","6.3%","14.0%","2.3","1.2","31.4%","13.3%","8.3%","9.0%","16.2%"
"ORLY","O'Reilly Automotive, Inc.","US","NasdaqGS","Specialty Retail","3.6%","2.3%","2.6%","2.6%","$87.38","-7.0%","-3.3%","6.7%","0.1","3.0","$72,413.12","3.3%","7.1%","19.6%","2.1","0.6","13.3%","10.0%","9.7%","25.3%","20.0%"
"AON","Aon plc","IE","NYSE","Insurance","2.2%","1.2%","5.2%","5.8%","$315.60","0.2%","-8.3%","5.6%","0.0","1.4","$67,404.89","2.0%","11.3%","28.2%","2.4","0.8","1.2%","13.7%","11.9%","8.2%","5.5%"
"LITE","Lumentum Holdings Inc.","US","NasdaqGS","Communications Equipment","18.6%","-0.2%","0.2%","1.9%","$938.00","-3.9%","142.9%","83.6%","0.1","0.6","$72,976.40","0.2%","11.0%","10.2%","0.3","1.5","163.5%","112.8%","181.8%","9.3%","62.8%"
"FIX","Comfort Systems USA, Inc.","US","NYSE","Construction and Engineering","54.4%","19.7%","2.1%","2.0%","$1,850.04","-2.2%","84.3%","23.9%","0.0","1.1","$65,018.59","0.2%","31.8%","15.7%","-0.4","1.6","130.9%","79.4%","34.7%","28.8%","85.4%"
"BKR","Baker Hughes Company","US","NasdaqGS","Energy Equipment and Services","17.5%","4.1%","3.6%","3.9%","$64.27","-6.6%","36.3%","2.2%","0.0","-1.8","$63,760.26","0.3%","8.2%","12.8%","0.0","0.9","32.3%","218.3%","3.8%","10.1%","22.7%"
"URI","United Rentals, Inc.","US","NYSE","Trading Companies and Distributors","8.6%","2.8%","3.1%","4.5%","$1,056.58","14.4%","25.0%","7.2%","0.2","2.3","$66,191.10","3.2%","9.7%","25.1%","3.3","1.7","44.9%","7.9%","13.1%","11.3%","26.0%"
"TEL","TE Connectivity plc","IE","NYSE","Electronic Equipment, Instruments and Components","1.1%","-0.3%","5.3%","5.1%","$218.39","6.8%","-6.4%","10.9%","0.1","0.8","$63,747.12","2.1%","4.3%","20.2%","1.0","1.2","22.7%","13.8%","20.0%","15.7%","11.2%"
"TER","Teradyne, Inc.","US","NasdaqGS","Semiconductors and Semiconductor Equipment","20.9%","5.4%","0.9%","1.6%","$409.67","21.5%","97.4%","31.1%","0.1","0.9","$64,130.63","0.8%","7.9%","27.2%","-0.3","1.8","59.9%","12.2%","54.2%","28.2%","26.0%"
"GWW","W.W. Grainger, Inc.","US","NYSE","Trading Companies and Distributors","-0.2%","3.6%","2.3%","2.9%","$1,284.22","12.7%","27.9%","7.6%","0.0","2.2","$60,632.03","1.7%","5.5%","15.4%","0.7","1.1","25.0%","4.5%","10.9%","32.2%","23.8%"
"HPE","Hewlett Packard Enterprise Company","US","NYSE","Technology Hardware, Storage and Peripherals","10.8%","9.4%","5.5%","3.9%","$55.15","92.1%","128.2%","19.7%","0.1","2.1","$73,029.82","0.6%","9.4%","6.0%","2.8","1.3","58.6%","10.8%","18.4%","5.8%","31.5%"
"SE","Sea Limited","SG","NYSE","Broadline Retail","-5.5%","10.9%","8.5%","8.7%","$89.46","4.7%","-32.0%","25.6%","0.0","1.4","$54,792.87","0.2%","26.0%","8.4%","-2.8","1.6","15.2%","13.1%","25.6%","8.7%","-19.0%"
"VST","Vistra Corp.","US","NYSE","Independent Power and Renewable Electricity Producers","-0.2%","7.6%","3.5%","7.3%","$153.80","-4.4%","-6.9%","19.5%","0.1","0.3","$51,858.66","2.1%","9.0%","19.7%","2.8","1.4","85.9%","82.8%","53.4%","7.9%","57.7%"
"NDAQ","Nasdaq, Inc.","US","NasdaqGS","Capital Markets","2.8%","2.3%","4.1%","5.0%","$86.81","-4.9%","-10.2%","9.1%","0.1","2.0","$49,094.60","2.3%","14.6%","47.5%","2.8","1.0","17.4%","13.0%","12.7%","7.4%","10.4%"
"ADSK","Autodesk, Inc.","US","NasdaqGS","Software","7.8%","2.2%","5.6%","5.5%","$229.60","-7.2%","-19.9%","12.2%","0.0","1.6","$48,478.95","3.4%","13.7%","27.2%","-0.3","1.5","3.3%","21.0%","16.3%","13.0%","-4.2%"
"EBAY","eBay Inc.","US","NasdaqGS","Broadline Retail","5.0%","1.8%","3.5%","6.7%","$108.82","-0.2%","25.0%","7.0%","0.0","2.3","$48,316.08","5.3%","5.7%","21.8%","1.1","1.3","36.3%","55.6%","10.0%","14.2%","12.7%"
"MSCI","MSCI Inc.","US","NYSE","Capital Markets","2.1%","1.1%","3.5%","3.6%","$613.58","5.8%","8.6%","10.0%","0.0","2.5","$44,668.62","6.0%","12.4%","55.3%","3.3","1.3","9.8%","17.0%","14.0%","28.4%","6.8%"
"GRMN","Garmin Ltd.","CH","NYSE","Household Durables","13.1%","2.4%","3.2%","3.3%","$237.94","-0.3%","17.5%","9.8%","0.0","2.2","$45,888.21","0.4%","15.6%","26.5%","-1.9","1.0","33.7%","21.5%","9.1%","23.8%","13.0%"
"WAB","Westinghouse Air Brake Technologies Corporation","US","NYSE","Machinery","7.6%","-0.6%","3.4%","3.4%","$262.78","0.3%","21.5%","9.0%","0.0","2.0","$44,587.81","1.0%","10.1%","17.8%","2.5","1.0","40.1%","25.3%","16.3%","8.3%","26.7%"
"CMG","Chipotle Mexican Grill, Inc.","US","NYSE","Hotels, Restaurants and Leisure","1.4%","0.8%","4.1%","3.3%","$28.74","-10.1%","-23.3%","9.8%","0.1","-8.6","$36,865.78","7.2%","10.6%","15.9%","1.9","1.0","-11.5%","13.9%","7.9%","18.1%","1.6%"
"PYPL","PayPal Holdings, Inc.","US","NasdaqGS","Financial Services","-4.4%","3.7%","14.6%","13.6%","$42.61","-15.4%","-26.7%","3.9%","0.0","-62.5","$37,586.52","16.4%","6.3%","18.2%","0.4","1.4","-13.0%","31.3%","4.4%","7.7%","-30.6%"
"UAL","United Airlines Holdings, Inc.","US","NasdaqGS","Passenger Airlines","10.0%","1.6%","9.4%","5.1%","$105.14","16.7%","-7.0%","8.6%","0.1","-0.7","$34,125.26","0.9%","7.4%","8.6%","2.1","1.3","29.7%","24.5%","15.2%","5.2%","13.1%"
"EME","EMCOR Group, Inc.","US","NYSE","Construction and Engineering","15.8%","10.2%","2.9%","3.4%","$839.54","-7.8%","31.5%","9.6%","0.0","2.1","$37,309.39","1.3%","16.0%","9.3%","-0.2","1.2","70.7%","48.6%","12.2%","20.9%","46.3%"
"VMC","Vulcan Materials Company","US","NYSE","Construction Materials","22.3%","8.1%","3.0%","3.1%","$285.30","-0.6%","-2.5%","4.6%","0.1","2.1","$37,019.07","1.6%","2.8%","20.1%","2.1","1.1","13.0%","23.0%","15.9%","7.8%","10.6%"
"WDAY","Workday, Inc.","US","NasdaqGS","Software","6.4%","1.0%","8.2%","10.0%","$146.90","14.9%","-28.6%","11.3%","0.0","2.8","$36,280.40","12.5%","15.1%","11.7%","-0.4","1.2","-11.7%","46.0%","16.1%","5.9%","-8.0%"
"HIG","The Hartford Insurance Group, Inc.","US","NYSE","Insurance","-8.8%","-1.6%","16.9%","","$125.94","-5.4%","-8.1%","4.2%","0.0","-3.5","$34,524.04","4.8%","7.9%","18.2%","0.8","0.6","24.0%","34.8%","3.7%","5.3%","16.2%"
"PAYX","Paychex, Inc.","US","NasdaqGS","Professional Services","2.3%","1.6%","5.9%","5.8%","$98.45","7.8%","-9.3%","11.1%","0.0","2.1","$35,273.74","1.1%","8.8%","39.4%","1.1","0.9","-0.9%","3.0%","8.8%","16.5%","2.2%"
"RDDT","Reddit, Inc.","US","NYSE","Interactive Media and Services","16.5%","8.8%","2.7%","4.0%","$169.49","0.2%","-29.9%","38.9%","0.0","0.5","$32,628.36","0.2%","53.5%","25.1%","-4.3","","","3.0%","36.3%","145.2%",""
"LVS","Las Vegas Sands Corp.","US","NYSE","Hotels, Restaurants and Leisure","20.1%","7.2%","6.7%","7.3%","$50.86","-1.4%","-22.0%","6.5%","0.1","1.7","$33,700.04","6.8%","37.5%","24.5%","2.6","1.0","-2.3%","54.7%","10.6%","14.0%","-1.0%"
"ZTS","Zoetis Inc.","US","NYSE","Pharmaceuticals","5.5%","-1.7%","6.9%","5.9%","$77.59","-31.1%","-38.4%","3.7%","0.1","1.7","$32,527.91","10.5%","5.6%","38.1%","1.8","1.0","-22.3%","11.4%","8.7%","25.6%","-14.2%"
"CPRT","Copart, Inc.","US","NasdaqGS","Commercial Services and Supplies","-8.1%","3.5%","4.8%","4.4%","$30.35","-8.8%","-19.6%","1.9%","0.1","-36.8","$28,098.38","5.7%","7.3%","37.8%","-2.1","1.1","-11.8%","10.4%","2.8%","29.7%","-0.6%"
"FISV","Fiserv, Inc.","US","NasdaqGS","Financial Services","4.6%","-1.1%","14.1%","11.7%","$55.08","-12.3%","-16.0%","2.6%","0.1","-1.6","$29,371.63","12.7%","5.1%","24.5%","3.4","0.8","-21.1%","16.1%","2.2%","5.6%","-13.4%"
"MTZ","MasTec, Inc.","US","NYSE","Construction and Engineering","6.4%","10.2%","0.9%","2.8%","$369.66","-13.1%","62.4%","17.8%","0.0","1.9","$28,831.42","0.2%","13.7%","5.0%","2.3","1.9","51.6%","213.4%","29.2%","8.1%","25.3%"
"FICO","Fair Isaac Corporation","US","NYSE","Software","13.9%","10.3%","3.3%","4.4%","$1,174.66","10.8%","-28.5%","21.3%","0.0","0.8","$27,241.43","6.9%","16.6%","50.9%","3.0","1.3","14.1%","28.1%","34.2%","56.2%","19.1%"
"DXCM","DexCom, Inc.","US","NasdaqGS","Health Care Equipment and Supplies","4.5%","1.5%","5.1%","4.6%","$72.77","21.2%","9.4%","11.8%","0.1","1.3","$28,079.98","1.8%","16.8%","21.4%","-0.8","1.5","-16.4%","48.7%","19.7%","27.5%","-5.3%"
"GEHC","GE HealthCare Technologies Inc.","US","NasdaqGS","Health Care Equipment and Supplies","-5.7%","2.1%","5.4%","5.5%","$62.03","1.7%","-25.1%","5.1%","0.0","2.4","$28,216.94","1.1%","3.9%","14.0%","2.4","1.2","-8.2%","3.5%","8.6%","7.6%",""
"CASY","Casey's General Stores, Inc.","US","NasdaqGS","Consumer Staples Distribution and Retail","16.6%","-3.1%","2.3%","2.0%","$774.19","-9.2%","39.2%","8.9%","0.0","1.9","$28,613.31","0.6%","3.7%","5.6%","1.7","0.7","51.1%","13.1%","16.8%","9.7%","29.5%"
"RMD","ResMed Inc.","US","NYSE","Health Care Equipment and Supplies","3.2%","0.6%","6.5%","5.2%","$186.46","-10.7%","-23.8%","8.5%","0.0","1.1","$27,047.21","2.0%","11.3%","34.8%","-0.4","0.9","-4.7%","21.0%","12.8%","24.7%","-1.0%"
"EXPE","Expedia Group, Inc.","US","NasdaqGS","Hotels, Restaurants and Leisure","12.2%","2.2%","15.2%","11.1%","$225.41","-8.4%","-20.3%","7.9%","0.0","0.8","$27,054.18","8.4%","7.9%","16.1%","-0.4","1.4","28.8%","77.6%","20.8%","6.9%","5.9%"
"NVT","nVent Electric plc","GB","NYSE","Electrical Equipment","0.3%","12.0%","1.3%","2.8%","$176.39","8.4%","65.1%","20.5%","0.0","1.6","$28,525.87","0.8%","13.5%","16.2%","1.6","1.3","59.1%","5.8%","21.7%","9.9%","42.3%"
"STRL","Sterling Infrastructure, Inc.","US","NasdaqGS","Construction and Engineering","17.0%","39.5%","1.5%","2.3%","$957.03","80.7%","199.9%","31.3%","0.0","1.2","$29,367.38","0.2%","16.9%","17.2%","-0.3","1.5","167.9%","47.7%","21.1%","18.8%","107.2%"
"XPO","XPO, Inc.","US","NYSE","Ground Transportation","15.3%","2.9%","1.8%","2.4%","$218.69","9.4%","57.6%","6.6%","0.1","2.5","$25,676.39","1.0%","2.4%","9.2%","3.0","1.8","65.2%","20.6%","24.4%","8.4%","9.0%"
"WRB","W. R. Berkley Corporation","US","NYSE","Insurance","14.1%","-2.4%","13.2%","","$65.29","-1.6%","-5.9%","4.0%","0.0","1.7","$25,440.61","2.1%","10.0%","16.9%","0.3","0.4","22.4%","22.2%","5.5%","5.2%","16.4%"
"ATI","ATI Inc.","US","NYSE","Aerospace and Defense","7.9%","-2.6%","2.2%","2.5%","$179.94","16.9%","51.0%","8.8%","0.1","1.6","$24,556.49","2.3%","4.4%","15.0%","1.7","1.1","68.8%","5.4%","25.9%","13.9%","49.8%"
"MTD","Mettler-Toledo International Inc.","CH","NYSE","Life Sciences Tools and Services","4.3%","0.6%","3.4%","3.5%","$1,169.32","-7.2%","-17.2%","5.0%","0.0","3.0","$23,629.15","3.2%","1.2%","27.8%","1.8","1.4","-4.3%","2.7%","9.5%","33.9%","-1.4%"
"CPAY","Corpay, Inc.","US","NYSE","Financial Services","1.7%","4.0%","5.7%","8.8%","$352.25","13.3%","17.2%","13.4%","0.0","0.8","$23,023.74","6.4%","10.6%","46.8%","3.1","0.8","14.8%","9.9%","18.0%","7.7%","4.9%"
"UTHR","United Therapeutics Corporation","US","NasdaqGS","Biotechnology","6.4%","-2.0%","4.4%","3.8%","$549.47","-5.5%","10.6%","7.8%","0.2","-10.3","$23,323.21","10.0%","17.0%","46.1%","-2.2","0.9","35.9%","22.1%","10.5%","28.4%","25.6%"
"WTW","Willis Towers Watson Public Limited Company","GB","NasdaqGS","Insurance","2.4%","-0.5%","6.6%","6.6%","$250.98","-3.5%","-23.1%","6.4%","0.0","1.0","$23,704.55","7.6%","3.4%","23.7%","1.8","0.6","5.2%","19.9%","14.5%","7.9%","0.6%"
"FN","Fabrinet","KY","NYSE","Electronic Equipment, Instruments and Components","3.4%","2.2%","0.2%","2.1%","$725.00","1.0%","51.2%","28.6%","0.0","1.7","$25,976.56","0.2%","18.0%","9.9%","-2.0","1.0","86.4%","21.0%","28.1%","28.6%","50.6%"
"DRI","Darden Restaurants, Inc.","US","NYSE","Hotels, Restaurants and Leisure","0.3%","0.4%","4.5%","5.0%","$198.27","3.2%","5.9%","6.6%","0.1","1.9","$22,708.86","2.4%","7.3%","11.6%","3.9","0.7","10.7%","7.3%","9.1%","9.6%","11.7%"
"CRS","Carpenter Technology Corporation","US","NYSE","Aerospace and Defense","4.8%","1.8%","1.7%","1.6%","$487.05","13.9%","44.0%","9.9%","0.1","1.2","$24,199.38","0.8%","8.7%","21.1%","0.5","1.3","117.9%","183.4%","28.6%","18.2%","63.9%"
"ULTA","Ulta Beauty, Inc.","US","NasdaqGS","Specialty Retail","-0.4%","1.5%","5.6%","5.4%","$471.21","-9.0%","-24.0%","6.1%","0.0","1.5","$20,256.99","5.2%","6.6%","12.4%","1.1","0.9","3.8%","2.8%","11.0%","23.6%","7.6%"
"MKSI","MKS Inc.","US","NasdaqGS","Semiconductors and Semiconductor Equipment","0.3%","3.1%","1.8%","1.8%","$335.15","15.0%","99.1%","18.6%","0.0","1.4","$22,637.41","0.2%","4.2%","14.7%","4.0","1.9","53.3%","26.8%","24.5%","7.4%","13.3%"
"RL","Ralph Lauren Corporation","US","NYSE","Textiles, Apparel and Luxury Goods","7.1%","7.1%","3.5%","4.4%","$359.43","1.5%","-0.9%","5.5%","0.1","2.2","$21,391.96","2.9%","8.0%","15.9%","0.6","1.5","49.5%","25.9%","20.8%","24.3%","27.0%"
"DGX","Quest Diagnostics Incorporated","US","NYSE","Health Care Providers and Services","5.6%","2.4%","6.2%","5.5%","$193.67","1.1%","11.4%","5.9%","0.0","2.3","$21,438.58","1.7%","5.5%","14.6%","2.7","0.6","15.3%","10.0%","8.8%","8.6%","10.6%"
"WWD","Woodward, Inc.","US","NasdaqGS","Aerospace and Defense","8.6%","8.2%","1.9%","1.7%","$350.03","-1.9%","12.6%","14.8%","0.0","1.1","$20,855.79","1.7%","15.6%","15.2%","0.9","1.0","48.4%","47.9%","22.6%","13.0%","23.2%"
"STE","STERIS plc","US","NYSE","Health Care Equipment and Supplies","-0.1%","-0.4%","4.7%","3.8%","$210.19","-1.0%","-15.9%","6.8%","0.1","2.8","$20,515.07","1.0%","9.4%","18.7%","1.0","1.0","1.7%","95.1%","9.0%","8.7%","2.6%"
"VLTO","Veralto Corporation","US","NYSE","Commercial Services and Supplies","6.4%","1.6%","5.0%","5.4%","$84.67","-4.0%","-14.0%","5.9%","0.0","2.4","$20,794.89","1.3%","4.3%","23.2%","1.0","1.1","","3.1%","8.9%","21.6%",""
"BURL","Burlington Stores, Inc.","US","NYSE","Specialty Retail","2.9%","1.9%","1.9%","2.1%","$328.70","6.3%","10.2%","10.0%","0.1","1.6","$20,445.39","1.2%","10.2%","7.5%","4.0","1.8","30.1%","37.1%","17.5%","8.5%","1.6%"
"CDE","Coeur Mining, Inc.","US","NYSE","Metals and Mining","5.0%","9.2%","4.9%","14.8%","$18.15","3.4%","3.4%","75.3%","0.1","0.1","$18,776.37","0.3%","48.4%","40.2%","-0.1","1.3","80.7%","46.2%","78.6%","9.4%","13.0%"
"EFX","Equifax Inc.","US","NYSE","Professional Services","9.7%","1.9%","5.6%","4.5%","$170.16","-0.9%","-20.5%","10.3%","0.1","2.4","$20,261.36","5.7%","7.5%","19.0%","2.7","1.6","-6.6%","6.1%","16.0%","7.5%","-5.4%"
"BWXT","BWX Technologies, Inc.","US","NYSE","Aerospace and Defense","22.2%","2.6%","1.9%","1.6%","$184.72","-14.6%","1.6%","14.2%","0.1","2.8","$16,923.06","0.1%","14.1%","10.4%","3.2","0.9","43.2%","12.6%","13.5%","9.6%","25.0%"
"BR","Broadridge Financial Solutions, Inc.","US","NYSE","Professional Services","16.8%","2.6%","7.5%","6.9%","$152.59","-0.8%","-30.8%","6.1%","0.0","1.4","$17,648.30","2.6%","7.2%","17.1%","1.8","1.0","1.5%","26.1%","10.0%","12.8%","0.6%"
"APG","APi Group Corporation","US","NYSE","Construction and Engineering","6.4%","3.1%","3.7%","3.8%","$42.26","-5.4%","8.4%","7.7%","0.0","-4.5","$18,308.21","0.2%","6.8%","8.6%","2.3","1.7","39.2%","67.5%","13.4%","7.5%","24.2%"
"SN","SharkNinja, Inc.","US","NYSE","Household Durables","6.8%","2.1%","2.2%","4.4%","$121.26","5.6%","6.5%","11.8%","0.0","1.5","$17,160.76","0.3%","20.5%","14.4%","0.3","1.4","","55.2%","14.6%","23.7%",""
"KSPI","Joint Stock Company Kaspi.kz","KZ","NasdaqGS","Consumer Finance","-8.7%","4.7%","9.0%","15.5%","$85.63","0.3%","10.4%","18.3%","0.0","1.9","$16,272.03","0.6%","45.1%","54.3%","-0.2","-0.1","9.9%","18.0%","10.6%","20.7%","6.5%"
"ZTO","ZTO Express (Cayman) Inc.","CN","NYSE","Air Freight and Logistics","5.2%","3.8%","6.2%","7.6%","$22.64","-9.4%","5.5%","12.8%","0.1","0.7","$16,743.58","1.1%","12.2%","20.7%","-0.6","-0.2","-2.4%","7.4%","13.3%","10.7%","-4.4%"
"WMG","Warner Music Group Corp.","US","NasdaqGS","Entertainment","6.9%","7.6%","4.8%","4.8%","$29.42","5.2%","-3.4%","7.2%","0.0","0.7","$15,345.93","0.6%","7.0%","16.6%","2.7","1.3","9.2%","1.0%","20.2%","11.5%","-1.5%"
"SSNC","SS&C Technologies Holdings, Inc.","US","NasdaqGS","Professional Services","2.3%","1.1%","10.4%","9.8%","$67.97","-1.4%","-20.7%","6.2%","0.0","1.7","$16,369.43","5.1%","6.2%","23.1%","3.5","1.2","8.2%","11.3%","10.5%","6.1%","-0.1%"
"NDSN","Nordson Corporation","US","NasdaqGS","Machinery","-0.1%","1.7%","4.4%","4.3%","$289.45","3.2%","20.1%","6.0%","0.0","2.6","$16,127.56","1.5%","3.7%","26.3%","2.1","1.0","10.1%","1.7%","10.0%","11.1%","6.4%"
"TXT","Textron Inc.","US","NYSE","Aerospace and Defense","1.5%","5.4%","5.4%","4.3%","$91.38","0.5%","5.0%","4.6%","0.0","2.6","$15,889.98","4.3%","5.6%","8.4%","1.6","1.0","13.1%","8.9%","9.4%","6.9%","5.9%"
"DECK","Deckers Outdoor Corporation","US","NYSE","Textiles, Apparel and Luxury Goods","20.4%","3.1%","7.4%","7.1%","$107.36","9.9%","0.5%","7.6%","0.0","2.4","$14,910.26","7.3%","14.7%","23.1%","-1.1","1.2","9.9%","29.5%","7.7%","83.8%","14.7%"
"DY","Dycom Industries, Inc.","US","NYSE","Construction and Engineering","14.0%","17.5%","3.0%","3.3%","$484.11","12.7%","39.3%","23.6%","0.0","1.2","$14,538.53","0.5%","16.3%","8.0%","3.0","1.4","66.2%","21.6%","19.8%","10.6%","43.6%"
"THC","Tenet Healthcare Corporation","US","NYSE","Health Care Providers and Services","15.6%","-0.5%","23.6%","16.4%","$164.84","-11.1%","-17.4%","2.4%","0.0","1.4","$14,198.82","10.3%","3.3%","17.5%","2.2","1.4","30.7%","71.2%","2.1%","12.6%","19.5%"
"YUMC","Yum China Holdings, Inc.","CN","NYSE","Hotels, Restaurants and Leisure","1.9%","1.4%","6.4%","6.8%","$42.94","-9.7%","-10.9%","6.8%","0.1","1.0","$14,627.30","8.1%","7.2%","11.3%","0.5","0.1","-7.7%","20.3%","14.0%","10.4%","-7.5%"
"TIGO","Millicom International Cellular S.A.","LU","NasdaqGS","Wireless Telecommunication Services","105.0%","1.0%","9.0%","6.9%","$86.07","3.0%","52.2%","21.6%","0.1","0.3","$14,386.00","0.9%","4.8%","24.6%","3.8","0.9","82.2%","94.3%","13.2%","7.3%","24.4%"
"MLI","Mueller Industries, Inc.","US","NYSE","Machinery","28.5%","8.3%","4.5%","5.0%","$131.35","0.4%","12.4%","11.4%","0.0","0.5","$14,523.45","0.5%","3.5%","22.4%","-1.3","1.0","51.3%","8.5%","17.5%","34.0%","43.3%"
"SMTC","Semtech Corporation","US","NasdaqGS","Semiconductors and Semiconductor Equipment","2.0%","2.6%","1.1%","2.4%","$163.50","52.7%","117.2%","27.3%","0.0","-7.8","$15,230.22","0.3%","11.3%","10.4%","2.3","2.0","95.6%","58.0%","30.5%","16.8%","19.4%"
"LECO","Lincoln Electric Holdings, Inc.","US","NasdaqGS","Machinery","4.2%","4.5%","3.0%","4.1%","$262.82","0.3%","7.8%","6.8%","0.0","2.5","$14,399.15","1.9%","3.9%","17.1%","1.3","1.3","14.9%","6.6%","9.7%","19.8%","16.7%"
"HTHT","H World Group Limited","CN","NasdaqGS","Hotels, Restaurants and Leisure","67.0%","1.5%","7.6%","6.7%","$44.84","-6.4%","-6.6%","6.3%","0.0","1.0","$13,789.37","0.3%","18.3%","27.9%","2.4","0.1","7.5%","186.8%","16.9%","8.8%","-2.3%"
"TRU","TransUnion","US","NYSE","Professional Services","6.2%","2.3%","5.2%","6.7%","$69.39","0.7%","-16.7%","10.0%","0.1","1.7","$13,378.39","2.5%","8.2%","18.1%","3.4","1.7","-1.2%","36.9%","13.9%","6.7%","-7.6%"
"JLL","Jones Lang LaSalle Incorporated","US","NYSE","Real Estate Management and Development","18.3%","6.5%","7.2%","5.3%","$289.25","-8.1%","-13.9%","7.7%","0.0","0.7","$13,419.34","4.0%","8.8%","4.6%","2.2","1.4","26.2%","21.8%","15.6%","7.0%","7.4%"
"GWRE","Guidewire Software, Inc.","US","NYSE","Software","52.5%","4.9%","2.4%","2.8%","$155.01","8.0%","-17.4%","18.0%","0.0","2.2","$13,122.75","1.0%","15.5%","6.8%","-2.1","1.1","29.1%","2.6%","26.4%","5.7%","8.3%"
"MEDP","Medpace Holdings, Inc.","US","NasdaqGS","Life Sciences Tools and Services","8.2%","1.3%","5.5%","3.6%","$450.82","8.1%","-21.1%","7.1%","0.0","2.5","$12,875.14","3.9%","19.7%","21.0%","-0.9","1.4","27.7%","26.4%","10.2%","24.2%","21.7%"
"MKC","McCormick & Company, Incorporated","US","NYSE","Food Products","10.7%","4.8%","5.5%","7.1%","$46.29","-3.6%","-31.2%","9.3%","0.0","2.3","$12,440.44","0.1%","3.6%","16.1%","3.5","0.6","-17.5%","35.2%","5.6%","7.5%","-10.5%"
"EXEL","Exelixis, Inc.","US","NasdaqGS","Biotechnology","16.2%","1.0%","7.1%","5.9%","$51.60","16.8%","18.4%","12.1%","0.0","1.3","$12,969.92","8.7%","12.6%","40.3%","-1.3","0.4","38.4%","85.9%","13.4%","51.1%","18.2%"
"FIVE","Five Below, Inc.","US","NasdaqGS","Specialty Retail","7.6%","4.5%","4.1%","3.8%","$222.89","-3.6%","15.2%","12.1%","0.0","1.2","$12,324.69","0.1%","17.1%","11.0%","1.2","1.2","6.4%","18.4%","16.6%","12.4%","3.2%"
"NYT","The New York Times Company","US","NYSE","Media","1.1%","1.7%","4.5%","4.3%","$75.17","-3.9%","7.7%","8.4%","0.0","2.0","$12,167.22","1.8%","7.7%","16.3%","-2.0","1.2","28.7%","26.8%","13.1%","17.2%","13.6%"
"HII","Huntington Ingalls Industries, Inc.","US","NYSE","Aerospace and Defense","5.0%","2.7%","7.0%","3.9%","$287.54","-20.5%","-17.8%","5.2%","0.0","1.4","$11,330.23","0.4%","6.0%","6.3%","2.4","0.4","13.8%","2.8%","15.0%","5.8%","7.6%"
"COO","The Cooper Companies, Inc.","US","NasdaqGS","Health Care Equipment and Supplies","7.1%","0.1%","4.2%","5.2%","$60.34","-1.9%","-25.6%","5.4%","0.1","2.5","$11,773.20","3.1%","7.1%","17.3%","2.4","1.0","-12.0%","2.0%","10.4%","4.0%","-8.8%"
"GL","Globe Life Inc.","US","NYSE","Insurance","-1.4%","-0.4%","10.5%","5.5%","$151.20","-0.9%","9.2%","6.5%","0.0","1.4","$11,739.89","6.4%","5.0%","26.5%","1.8","0.5","13.6%","17.4%","7.0%","4.3%","8.2%"
"VIAV","Viavi Solutions Inc.","US","NasdaqGS","Communications Equipment","17.0%","3.3%","0.4%","0.5%","$52.42","-0.1%","188.8%","28.4%","0.0","-2.1","$12,843.89","0.4%","5.1%","9.0%","2.9","1.0","75.9%","11.3%","50.5%","23.6%","24.8%"
"MOG.A","Moog Inc.","US","NYSE","Aerospace and Defense","11.7%","1.8%","2.6%","2.2%","$373.94","21.9%","49.7%","9.0%","0.0","1.9","$11,845.95","0.4%","10.0%","11.0%","2.0","1.0","57.4%","18.8%","15.6%","8.8%","33.9%"
"GDDY","GoDaddy Inc.","US","NYSE","IT Services","3.7%","0.3%","14.8%","15.9%","$83.98","-4.9%","-29.1%","5.9%","0.0","0.9","$11,119.78","9.8%","6.8%","23.9%","1.9","0.9","5.0%","44.6%","14.9%","10.9%","0.8%"
"PINS","Pinterest, Inc.","US","NYSE","Interactive Media and Services","-0.7%","4.1%","10.4%","10.4%","$20.67","-0.9%","-22.2%","13.9%","0.0","2.2","$11,578.45","26.5%","15.6%","7.4%","-0.3","0.9","-5.0%","3.6%","17.1%","11.0%","-20.0%"
"ALLE","Allegion plc","IE","NYSE","Building Products","-5.1%","0.7%","6.1%","5.4%","$130.11","-1.8%","-19.1%","6.1%","0.0","2.3","$11,181.11","0.5%","6.2%","21.0%","1.9","1.0","7.8%","9.7%","8.3%","18.5%","0.1%"
"BMRN","BioMarin Pharmaceutical Inc.","US","NasdaqGS","Biotechnology","-17.9%","1.9%","7.3%","9.1%","$54.66","-1.4%","-8.1%","17.7%","0.0","0.7","$10,564.93","0.3%","14.3%","17.4%","-1.2","0.3","-15.9%","55.6%","46.6%","7.2%","-6.8%"
"EHC","Encompass Health Corporation","US","NYSE","Health Care Providers and Services","12.1%","1.2%","4.5%","3.6%","$103.17","-3.3%","-3.0%","8.2%","0.1","1.7","$10,234.37","2.2%","10.9%","17.9%","1.9","0.6","18.9%","30.4%","9.0%","14.0%","10.8%"
"SCI","Service Corporation International","US","NYSE","Diversified Consumer Services","-2.8%","0.2%","5.1%","4.7%","$68.77","-12.6%","-10.9%","3.1%","0.1","2.5","$9,488.27","4.7%","2.5%","22.5%","3.7","1.0","4.4%","6.9%","9.6%","4.1%","7.1%"
"WTS","Watts Water Technologies, Inc.","US","NYSE","Machinery","12.0%","6.1%","3.0%","3.9%","$314.65","8.7%","12.9%","8.5%","0.0","2.2","$10,506.44","0.3%","8.8%","19.5%","-0.1","1.2","24.8%","11.9%","9.7%","19.6%","18.4%"
"BSY","Bentley Systems, Incorporated","US","NasdaqGS","Software","3.6%","1.0%","4.8%","5.3%","$32.62","-2.7%","-14.5%","11.8%","0.0","2.7","$10,213.54","1.6%","11.0%","24.5%","2.4","1.2","-12.9%","19.2%","14.1%","8.0%","-11.5%"
"DOCU","DocuSign, Inc.","US","NasdaqGS","Software","6.4%","1.0%","10.4%","11.0%","$52.40","8.2%","-19.2%","8.0%","0.0","2.3","$10,180.87","10.8%","8.6%","9.3%","-2.0","1.0","-3.1%","44.6%","14.5%","6.3%","-25.8%"
"PODD","Insulet Corporation","US","NasdaqGS","Health Care Equipment and Supplies","6.0%","4.3%","4.2%","4.0%","$143.30","-16.4%","-49.3%","20.6%","0.1","1.1","$9,925.63","3.5%","28.5%","17.5%","0.9","1.4","-20.4%","691.9%","27.4%","19.7%","-12.0%"
"FORM","FormFactor, Inc.","US","NasdaqGS","Semiconductors and Semiconductor Equipment","28.7%","0.3%","0.4%","-0.0%","$126.02","-6.2%","112.9%","18.0%","0.1","1.7","$9,823.86","0.1%","5.4%","11.8%","-2.0","1.1","61.2%","44.9%","32.3%","10.3%","29.3%"
"JKHY","Jack Henry & Associates, Inc.","US","NasdaqGS","Financial Services","17.1%","2.8%","7.7%","4.2%","$133.13","-12.3%","-25.4%","6.2%","0.0","1.9","$9,458.99","3.0%","7.5%","26.0%","0.2","0.7","-3.7%","14.4%","8.4%","18.2%","-2.1%"
"FLS","Flowserve Corporation","US","NYSE","Machinery","6.2%","-8.5%","4.5%","4.7%","$75.42","7.1%","6.6%","5.2%","0.0","2.4","$9,639.21","2.7%","7.2%","13.9%","1.5","1.3","32.0%","15.8%","13.1%","11.6%","13.7%"
"FCFS","FirstCash Holdings, Inc.","US","NasdaqGS","Consumer Finance","12.4%","3.9%","5.7%","4.6%","$220.22","-0.4%","40.5%","12.6%","0.0","1.1","$9,653.72","1.2%","11.0%","15.8%","3.4","0.5","33.0%","11.0%","19.0%","9.8%","23.5%"
"SARO","StandardAero, Inc.","US","NYSE","Aerospace and Defense","29.6%","9.6%","1.8%","3.3%","$24.91","1.3%","-16.0%","7.7%","0.0","0.7","$8,281.88","0.7%","13.5%","9.0%","3.1","","","118.1%","19.5%","7.6%",""
"ALV","Autoliv, Inc.","SE","NYSE","Automobile Components","11.4%","5.4%","5.9%","9.0%","$130.42","14.6%","6.8%","2.9%","0.0","2.2","$9,763.68","3.1%","6.1%","10.1%","1.2","1.3","18.5%","24.9%","10.1%","15.3%","6.8%"
"DCI","Donaldson Company, Inc.","US","NYSE","Machinery","-6.6%","2.2%","4.0%","4.7%","$85.24","0.1%","-5.2%","6.3%","0.0","2.8","$9,880.26","1.2%","3.4%","15.1%","0.6","1.0","15.2%","7.7%","9.0%","18.8%","7.3%"
"ALSN","Allison Transmission Holdings, Inc.","US","NYSE","Machinery","-2.4%","1.9%","6.2%","6.5%","$119.05","-7.5%","20.3%","41.8%","0.1","0.9","$9,873.53","2.0%","8.8%","25.5%","3.6","1.0","35.2%","2.0%","22.8%","12.3%","24.6%"
"AYI","Acuity Inc.","US","NYSE","Electrical Equipment","3.5%","-2.3%","5.9%","6.6%","$312.84","9.5%","-16.2%","5.8%","0.0","2.7","$9,421.23","2.3%","3.7%","13.3%","0.7","","26.2%","6.1%","8.7%","13.2%","10.9%"
"LEVI","Levi Strauss & Co.","US","NYSE","Textiles, Apparel and Luxury Goods","13.6%","5.6%","5.5%","6.4%","$22.62","2.4%","8.6%","5.7%","0.0","1.4","$8,699.57","4.1%","1.2%","11.3%","1.6","1.3","21.7%","8.6%","11.9%","12.7%","-0.2%"
"ACM","AECOM","US","NYSE","Construction and Engineering","10.9%","-3.6%","4.4%","5.0%","$72.41","-13.8%","-24.9%","3.7%","0.0","1.1","$9,306.34","7.0%","5.7%","6.8%","1.8","1.1","-3.1%","13.3%","12.2%","11.8%","2.3%"
"UHS","Universal Health Services, Inc.","US","NYSE","Health Care Providers and Services","2.9%","2.5%","10.3%","11.8%","$145.98","-12.1%","-33.6%","5.7%","0.1","0.8","$8,837.10","10.1%","9.4%","11.5%","1.9","1.3","3.1%","36.6%","8.1%","12.1%","-1.3%"
"CRUS","Cirrus Logic, Inc.","US","NasdaqGS","Semiconductors and Semiconductor Equipment","21.9%","1.4%","7.0%","6.1%","$178.90","9.0%","49.5%","4.5%","0.0","-5.9","$9,049.28","3.5%","1.7%","23.0%","-2.0","1.1","32.7%","36.4%","9.8%","25.3%","18.2%"
"MTCH","Match Group, Inc.","US","NasdaqGS","Interactive Media and Services","3.7%","1.1%","12.7%","12.3%","$34.32","-10.1%","8.1%","1.6%","0.0","1.2","$8,005.71","9.7%","3.5%","28.7%","2.7","1.3","-2.8%","35.7%","11.1%","24.5%","-23.7%"
"PRI","Primerica, Inc.","US","NYSE","Insurance","8.0%","2.2%","10.5%","6.6%","$255.10","-5.3%","-1.4%","5.4%","0.0","1.6","$7,955.04","6.0%","7.1%","31.7%","1.1","0.9","12.6%","23.0%","6.8%","6.4%","10.8%"
"BIRK","Birkenstock Holding plc","GB","NYSE","Textiles, Apparel and Luxury Goods","3.4%","-0.3%","4.7%","7.4%","$42.21","14.3%","1.1%","12.6%","0.0","2.5","$7,762.67","2.6%","17.5%","25.1%","1.9","1.1","","31.9%","15.0%","9.0%",""
"HALO","Halozyme Therapeutics, Inc.","US","NasdaqGS","Biotechnology","-110.9%","4.9%","8.1%","14.0%","$69.82","8.1%","-0.7%","19.6%","0.0","0.3","$8,281.56","3.8%","28.9%","57.0%","2.0","0.9","28.3%","29.8%","54.2%","34.0%","12.1%"
"ZWS","Zurn Elkay Water Solutions Corporation","US","NYSE","Building Products","13.0%","3.4%","4.1%","4.2%","$47.43","-5.5%","1.2%","6.5%","0.0","2.5","$7,914.73","1.6%","7.2%","17.5%","0.7","0.8","26.6%","56.0%","12.4%","10.4%","15.4%"
"SSD","Simpson Manufacturing Co., Inc.","US","NYSE","Building Products","16.3%","6.4%","4.6%","5.2%","$188.20","0.8%","14.3%","4.4%","0.1","1.7","$7,742.23","1.9%","3.4%","19.1%","0.3","1.4","15.4%","3.8%","11.2%","14.5%","12.2%"
"SFM","Sprouts Farmers Market, Inc.","US","NasdaqGS","Consumer Staples Distribution and Retail","2.0%","0.3%","4.9%","6.5%","$78.98","-2.1%","-2.1%","7.6%","0.0","3.0","$7,427.62","5.3%","11.1%","7.6%","2.2","0.7","34.3%","30.8%","5.7%","14.7%","23.4%"
"KEX","Kirby Corporation","US","NYSE","Marine Transportation","3.2%","1.4%","6.4%","5.2%","$144.80","0.2%","29.4%","5.3%","0.1","2.1","$7,746.80","3.9%","5.4%","15.0%","1.4","0.9","24.9%","39.0%","13.3%","7.0%","16.3%"
"WFRD","Weatherford International plc","US","NasdaqGS","Energy Equipment and Services","40.5%","0.6%","6.2%","7.1%","$104.09","-4.4%","28.7%","1.9%","0.0","-6.4","$7,486.71","1.0%","2.1%","14.5%","0.6","0.9","19.2%","38.1%","10.0%","18.8%","48.5%"
"ATR","AptarGroup, Inc.","US","NYSE","Containers and Packaging","1.7%","2.8%","4.6%","5.1%","$112.53","-6.3%","-8.2%","5.2%","0.1","-4.8","$7,181.70","4.9%","5.1%","13.1%","1.5","0.5","1.1%","18.9%","5.3%","10.5%","-3.8%"
"HQY","HealthEquity, Inc.","US","NasdaqGS","Health Care Providers and Services","5.8%","0.7%","6.8%","6.0%","$85.21","3.7%","-6.4%","7.8%","0.0","1.8","$7,123.74","5.0%","14.1%","26.0%","1.4","0.2","13.2%","199.2%","15.6%","9.0%","1.0%"
"EDU","New Oriental Education & Technology Group Inc.","CN","NYSE","Diversified Consumer Services","12.6%","4.3%","9.0%","7.9%","$46.57","-11.4%","-19.5%","13.1%","0.0","1.6","$7,411.42","6.2%","26.4%","11.3%","-5.1","0.3","5.0%","122.0%","16.0%","8.9%","-12.2%"
"LEA","Lear Corporation","US","NYSE","Automobile Components","21.8%","-0.4%","10.1%","8.0%","$144.88","12.2%","22.1%","2.6%","0.0","0.9","$7,257.78","5.2%","3.0%","4.5%","1.5","1.3","6.9%","12.2%","14.8%","10.4%","-4.1%"
"KNSL","Kinsale Capital Group, Inc.","US","NYSE","Insurance","9.3%","-0.8%","15.1%","13.5%","$290.20","-4.5%","-26.1%","3.8%","0.0","1.9","$6,692.83","2.2%","27.9%","35.1%","0.0","1.0","-5.4%","42.2%","6.0%","9.2%","12.7%"
"MORN","Morningstar, Inc.","US","NasdaqGS","Capital Markets","19.5%","2.9%","6.4%","6.9%","$180.73","7.8%","-14.1%","6.6%","0.1","0.9","$6,872.80","14.6%","9.8%","21.8%","2.1","1.1","-3.5%","191.7%","14.7%","11.9%","-4.4%"
"PRIM","Primoris Services Corporation","US","NYSE","Construction and Engineering","11.5%","-9.8%","2.4%","2.6%","$126.32","-31.9%","-3.3%","6.1%","0.0","-1.9","$6,853.48","0.3%","15.2%","5.0%","1.2","1.4","67.1%","21.7%","9.5%","9.1%","32.4%"
"AWI","Armstrong World Industries, Inc.","US","NYSE","Building Products","-6.4%","0.1%","3.6%","5.1%","$153.21","-6.2%","-22.2%","8.2%","0.1","1.8","$6,538.82","2.7%","9.3%","19.3%","1.1","1.3","34.2%","16.4%","12.5%","14.4%","8.4%"
"ROAD","Construction Partners, Inc.","US","NasdaqGS","Construction and Engineering","53.4%","13.4%","3.1%","3.4%","$110.40","-11.8%","-1.6%","19.6%","0.0","1.3","$6,241.44","0.5%","31.3%","9.4%","3.7","0.9","55.6%","75.8%","28.3%","8.7%","27.1%"
"PAYC","Paycom Software, Inc.","US","NYSE","Professional Services","0.1%","1.2%","6.9%","7.9%","$137.79","4.5%","-9.6%","6.9%","0.1","0.9","$6,424.75","22.0%","12.4%","28.3%","0.9","0.8","-22.7%","17.2%","12.3%","10.2%","-15.6%"
"FSS","Federal Signal Corporation","US","NYSE","Machinery","33.4%","8.0%","4.4%","4.8%","$107.13","-8.7%","-3.9%","13.3%","0.0","1.4","$6,535.17","0.5%","16.3%","16.6%","1.1","1.3","24.2%","28.2%","13.1%","15.8%","20.7%"
"LNTH","Lantheus Holdings, Inc.","US","NasdaqGM","Health Care Equipment and Supplies","42.9%","6.5%","5.8%","6.4%","$100.25","14.2%","49.0%","3.9%","0.0","-1.9","$6,526.88","4.7%","14.6%","18.6%","0.3","-0.1","4.6%","152.4%","1.7%","17.4%","32.5%"
"VAL","Valaris Limited","BM","NYSE","Energy Equipment and Services","-25.5%","4.0%","1.9%","-0.6%","$92.06","-10.2%","76.5%","2.2%","0.2","-0.4","$6,375.32","1.6%","8.9%","16.3%","1.1","1.2","14.4%","60.7%","26.1%","22.2%","25.7%"
"MSA","MSA Safety Incorporated","US","NYSE","Commercial Services and Supplies","5.3%","2.7%","4.9%","5.3%","$164.59","-0.1%","1.4%","6.3%","0.0","1.9","$6,353.85","2.0%","6.3%","22.7%","1.0","1.0","6.4%","261.5%","9.3%","16.1%","0.5%"
"URBN","Urban Outfitters, Inc.","US","NasdaqGS","Specialty Retail","13.3%","1.4%","2.4%","4.9%","$72.57","6.5%","-3.7%","7.7%","0.1","1.1","$6,212.08","5.2%","9.2%","9.9%","0.7","1.2","33.2%","39.1%","9.1%","14.1%","14.3%"
"PCTY","Paylocity Holding Corporation","US","NasdaqGS","Professional Services","15.9%","2.6%","8.1%","7.6%","$112.82","3.5%","-22.6%","8.9%","0.0","1.9","$6,040.84","7.2%","16.4%","21.3%","-0.4","0.6","-15.5%","30.5%","7.8%","5.4%","-7.5%"
"BYD","Boyd Gaming Corporation","US","NYSE","Hotels, Restaurants and Leisure","-6.7%","-0.5%","4.4%","6.0%","$86.94","4.9%","0.9%","1.7%","0.1","-1.4","$6,462.26","9.4%","3.9%","20.9%","2.2","1.2","10.4%","53.9%","3.1%","10.9%","7.8%"
"PATH","UiPath, Inc.","US","NYSE","Software","18.1%","5.3%","6.2%","7.3%","$11.67","7.8%","-26.5%","9.4%","0.0","2.2","$6,073.57","6.4%","14.9%","6.3%","-10.9","1.1","-15.6%","12.0%","11.6%","15.9%","-31.2%"
"EAT","Brinker International, Inc.","US","NYSE","Hotels, Restaurants and Leisure","1.3%","-0.2%","8.4%","7.3%","$140.26","0.1%","-7.4%","6.8%","0.0","0.7","$6,015.44","5.8%","12.0%","10.3%","2.1","1.4","53.8%","72.9%","18.1%","18.7%","19.9%"
"CPA","Copa Holdings, S.A.","PA","NYSE","Passenger Airlines","-5.7%","1.9%","2.3%","7.3%","$135.84","23.9%","11.5%","11.6%","0.3","-6.4","$5,557.12","0.9%","5.0%","22.9%","0.9","0.9","14.3%","19.1%","9.3%","12.7%","16.6%"
"APPF","AppFolio, Inc.","US","NasdaqGM","Software","9.2%","1.6%","4.0%","4.8%","$166.27","-4.2%","-27.8%","17.3%","0.0","1.4","$5,879.06","3.7%","25.6%","17.1%","-0.6","0.8","2.4%","18.4%","24.7%","42.6%","4.4%"
"CHE","Chemed Corporation","US","NYSE","Health Care Providers and Services","6.6%","1.2%","6.7%","6.4%","$426.86","0.4%","0.7%","6.3%","0.0","1.8","$5,642.81","10.4%","5.5%","13.1%","0.6","0.5","-7.4%","4.8%","11.7%","17.9%","-2.7%"
"IBP","Installed Building Products, Inc.","US","NYSE","Household Durables","18.0%","-1.3%","5.8%","4.0%","$201.74","-27.2%","-24.6%","1.9%","0.0","-2.0","$5,401.97","3.2%","2.4%","12.8%","1.5","1.9","23.5%","3.9%","2.7%","18.4%","13.0%"
"G","Genpact Limited","BM","NYSE","Professional Services","3.8%","0.5%","12.2%","12.1%","$32.30","-5.4%","-29.6%","7.2%","0.0","0.9","$5,475.06","5.1%","5.5%","15.0%","1.0","0.8","-3.2%","18.9%","10.3%","14.9%","-5.6%"
"ESNT","Essent Group Ltd.","BM","NYSE","Financial Services","-7.8%","7.4%","15.9%","","$55.84","-6.6%","-13.7%","8.0%","0.0","1.6","$5,145.82","11.5%","8.8%","67.2%","0.4","0.9","9.7%","1.2%","6.0%","11.5%","5.5%"
"VCTR","Victory Capital Holdings, Inc.","US","NasdaqGS","Capital Markets","7.5%","6.3%","7.9%","","$84.99","8.7%","32.6%","10.8%","0.0","1.7","$5,314.52","6.5%","21.3%","44.4%","1.3","1.1","42.9%","7.7%","8.4%","15.8%","27.0%"
"BOOT","Boot Barn Holdings, Inc.","US","NYSE","Specialty Retail","-7.2%","1.4%","2.4%","3.5%","$170.69","1.8%","-8.5%","14.3%","0.1","1.4","$5,180.01","1.0%","10.8%","13.3%","1.7","1.6","34.4%","9.4%","20.2%","11.8%","18.5%"
"GNTX","Gentex Corporation","US","NasdaqGS","Automobile Components","6.1%","4.1%","8.8%","7.5%","$25.00","10.7%","5.5%","5.6%","0.0","1.4","$5,323.80","5.7%","9.6%","19.1%","-0.3","0.8","-0.6%","8.3%","10.1%","18.2%","-4.8%"
"PSMT","PriceSmart, Inc.","US","NasdaqGS","Consumer Staples Distribution and Retail","7.3%","1.2%","1.6%","","$171.07","11.7%","38.7%","10.4%","0.0","2.6","$5,155.18","0.2%","9.2%","4.6%","0.0","","36.3%","13.8%","20.9%","12.4%","15.2%"
"WEX","WEX Inc.","US","NYSE","Financial Services","1.3%","-0.0%","9.1%","10.0%","$145.87","-5.4%","-1.7%","4.7%","0.1","0.8","$5,057.04","0.2%","3.3%","25.0%","-0.2","1.0","-5.7%","39.2%","12.3%","4.0%","-6.5%"
"OLLI","Ollie's Bargain Outlet Holdings, Inc.","US","NasdaqGM","Broadline Retail","-1.1%","-0.4%","4.4%","4.2%","$79.74","-3.3%","-28.4%","12.0%","0.0","1.3","$4,837.13","2.0%","13.3%","11.4%","1.3","0.4","10.4%","27.7%","15.1%","10.2%","-1.0%"
"HRB","H&R Block, Inc.","US","NYSE","Diversified Consumer Services","-2.8%","2.7%","15.8%","","$37.96","23.5%","-10.9%","3.9%","0.0","0.6","$4,811.82","8.6%","3.9%","23.1%","1.1","0.3","10.8%","23.8%","9.4%","26.9%","12.4%"
"REZI","Resideo Technologies, Inc.","US","NYSE","Building Products","-4.5%","2.2%","-29.7%","8.0%","$29.75","-24.6%","-15.4%","3.7%","0.0","-0.0","$4,504.93","1.0%","5.9%","8.7%","3.6","1.7","21.5%","27.9%","8.1%","12.5%","-1.3%"
"GHC","Graham Holdings Company","US","NYSE","Diversified Consumer Services","-18.5%","-1.7%","6.2%","6.7%","$1,100.47","-1.7%","1.2%","5.0%","0.0","0.5","$4,739.82","0.7%","7.2%","8.1%","0.5","0.8","26.3%","139.6%","13.2%","4.2%","11.6%"
"ATAT","Atour Lifestyle Holdings Limited","CN","NasdaqGS","Hotels, Restaurants and Leisure","10.1%","4.6%","6.6%","6.4%","$35.27","-5.7%","-11.5%","23.2%","0.0","0.8","$4,848.22","2.1%","60.5%","25.0%","-1.6","0.8","29.6%","151.3%","19.6%","62.7%",""
"MKTX","MarketAxess Holdings Inc.","US","NasdaqGS","Capital Markets","2.4%","0.6%","6.2%","6.4%","$122.98","-20.2%","-31.1%","7.0%","0.0","1.4","$4,370.64","9.1%","5.8%","41.4%","-0.4","1.0","-22.3%","7.0%","11.0%","19.9%","-21.9%"
"CSW","CSW Industrials, Inc.","US","NYSE","Building Products","-24.3%","3.3%","3.0%","4.5%","$271.18","-2.5%","-8.1%","10.4%","0.0","2.5","$4,425.52","3.0%","12.6%","17.2%","3.7","0.8","20.8%","2.6%","18.0%","9.1%","18.4%"
"LAUR","Laureate Education, Inc.","US","NasdaqGS","Diversified Consumer Services","45.3%","2.9%","5.6%","7.0%","$33.46","6.0%","0.5%","9.6%","0.1","1.4","$4,683.67","6.2%","10.6%","24.0%","1.1","0.7","42.0%","52.8%","14.5%","14.6%","36.3%"
"KNF","Knife River Corporation","US","NYSE","Construction Materials","27.0%","5.1%","-0.1%","-1.6%","$76.12","-15.7%","4.6%","7.4%","0.1","1.5","$4,320.10","0.1%","8.1%","9.0%","3.0","0.6","25.9%","16.5%","20.2%","6.6%",""
"ACIW","ACI Worldwide, Inc.","US","NasdaqGS","Software","-10.7%","3.8%","7.0%","6.2%","$41.56","-6.1%","-9.0%","7.9%","0.0","0.9","$4,225.05","6.3%","8.9%","19.2%","1.8","1.1","21.9%","33.2%","15.7%","8.6%","1.2%"
"EXLS","ExlService Holdings, Inc.","US","NasdaqGS","Professional Services","8.4%","2.3%","6.6%","6.0%","$29.45","-7.2%","-28.5%","10.9%","0.0","1.3","$4,499.46","10.5%","13.3%","15.1%","0.7","0.9","-0.8%","18.8%","13.0%","20.9%","7.2%"
"MMYT","MakeMyTrip Limited","IN","NasdaqGS","Hotels, Restaurants and Leisure","23.1%","2.3%","4.3%","7.5%","$44.39","-5.3%","-45.8%","11.3%","0.0","2.6","$4,211.15","35.8%","20.7%","14.9%","3.5","0.7","17.2%","51.6%","14.6%","9.9%","10.0%"
"INDV","Indivior Pharmaceuticals, Inc.","US","NasdaqGS","Pharmaceuticals","21.7%","16.2%","-4.4%","9.1%","$35.43","-9.1%","-0.8%","1.9%","0.1","0.3","$4,319.70","3.4%","10.9%","36.1%","0.7","1.1","21.5%","75.1%","16.7%","65.1%","25.9%"
"FTDR","Frontdoor, Inc.","US","NasdaqGS","Diversified Consumer Services","74.1%","2.0%","8.9%","8.9%","$62.08","-2.7%","8.8%","5.2%","0.0","1.6","$4,360.18","6.3%","8.1%","19.5%","1.2","1.3","25.5%","46.7%","10.1%","17.1%","3.5%"
"MAT","Mattel, Inc.","US","NasdaqGS","Leisure Products","-4.1%","6.6%","8.0%","6.8%","$14.34","-3.4%","-28.4%","5.5%","0.0","-1.6","$4,167.20","15.7%","1.1%","10.0%","2.5","0.7","-6.8%","28.5%","5.2%","11.0%","-7.1%"
"OLED","Universal Display Corporation","US","NasdaqGS","Semiconductors and Semiconductor Equipment","10.2%","-11.5%","5.6%","5.3%","$90.84","-5.9%","-25.4%","4.0%","0.1","-1.3","$4,246.85","2.5%","1.6%","35.4%","-1.8","1.6","-13.7%","2.4%","2.6%","14.3%","-15.0%"
"COCO","The Vita Coco Company, Inc.","US","NasdaqGS","Beverages","62.1%","21.2%","1.5%","2.6%","$75.18","11.8%","40.6%","16.2%","0.0","1.2","$4,293.73","0.4%","14.3%","14.7%","-1.9","0.4","41.4%","84.5%","20.5%","49.5%",""
"BCO","The Brink's Company","US","NYSE","Commercial Services and Supplies","2.7%","0.9%","13.1%","13.5%","$100.88","-3.1%","-13.4%","6.0%","0.0","1.6","$4,154.30","5.2%","5.1%","10.6%","3.3","1.1","14.6%","21.3%","14.5%","7.2%","7.8%"
"SRAD","Sportradar Group AG","CH","NasdaqGS","Hotels, Restaurants and Leisure","-118.8%","-4.2%","11.1%","6.2%","$13.46","3.4%","-42.3%","17.5%","0.0","1.8","$4,196.25","5.0%","19.8%","8.9%","-0.6","2.0","3.2%","92.9%","40.8%","4.6%",""
"FHI","Federated Hermes, Inc.","US","NYSE","Capital Markets","14.3%","1.0%","7.5%","8.0%","$55.90","4.2%","6.7%","6.6%","0.0","2.6","$4,048.89","5.1%","7.3%","27.4%","-0.4","0.7","20.7%","22.1%","6.8%","27.2%","15.7%"
"BRC","Brady Corporation","US","NYSE","Commercial Services and Supplies","1.7%","7.2%","4.4%","6.9%","$88.15","10.0%","12.1%","29.3%","0.0","1.4","$4,152.99","0.6%","7.4%","17.9%","-0.3","0.7","23.8%","9.8%","12.2%","16.7%","10.6%"
"AZZ","AZZ Inc.","US","NYSE","Building Products","9.9%","0.7%","10.9%","4.6%","$136.87","-3.1%","24.7%","5.4%","0.0","1.2","$4,089.72","0.5%","7.6%","16.4%","1.5","","56.3%","62.5%","11.0%","10.2%","22.3%"
"CVSA","Covista Inc.","US","NYSE","Diversified Consumer Services","11.1%","2.7%","8.0%","7.8%","$123.06","8.5%","17.8%","7.6%","0.0","0.9","$4,187.84","8.3%","9.7%","19.4%","1.4","0.7","44.0%","55.7%","14.6%","10.8%","27.1%"
"SEZL","Sezzle Inc.","US","NasdaqCM","Financial Services","26.0%","4.9%","6.4%","-0.6%","$113.19","31.7%","73.7%","28.9%","0.0","0.6","$3,806.24","2.2%","53.6%","59.5%","0.1","8.7","","153.8%","28.1%","116.5%",""
"MWA","Mueller Water Products, Inc.","US","NYSE","Machinery","10.1%","1.0%","3.6%","4.8%","$25.18","-7.3%","5.2%","4.1%","0.0","1.5","$3,939.94","0.4%","3.7%","20.0%","0.1","1.2","21.5%","39.1%","8.8%","18.1%","13.4%"
"LOPE","Grand Canyon Education, Inc.","US","NasdaqGS","Diversified Consumer Services","0.5%","0.4%","6.7%","5.7%","$148.61","-10.6%","-10.1%","6.0%","0.0","1.5","$3,896.60","8.1%","7.1%","27.6%","-0.4","0.8","12.8%","10.0%","11.2%","37.3%","10.7%"
"VEON","VEON Ltd.","AE","NasdaqGS","Wireless Telecommunication Services","-121.7%","0.3%","14.4%","28.9%","$52.61","6.6%","-0.2%","9.6%","0.2","0.2","$3,642.79","3.0%","7.6%","27.9%","1.8","1.6","39.5%","18.0%","35.8%","11.1%","3.3%"
"QLYS","Qualys, Inc.","US","NasdaqGS","Software","4.9%","1.2%","7.4%","9.1%","$111.61","20.7%","-14.8%","7.7%","0.0","2.8","$3,930.57","5.1%","10.5%","33.8%","-2.8","0.6","-4.5%","24.8%","6.3%","22.8%","2.2%"
"CPRX","Catalyst Pharmaceuticals, Inc.","US","NasdaqCM","Biotechnology","35.7%","0.8%","5.4%","5.8%","$31.28","8.1%","35.1%","9.1%","0.0","1.6","$3,828.08","0.7%","32.5%","44.8%","-2.5","0.7","39.5%","24.9%","7.0%","61.4%","41.7%"
"ATMU","Atmus Filtration Technologies Inc.","US","NYSE","Machinery","16.4%","0.7%","4.1%","4.1%","$47.37","-6.4%","-9.6%","8.8%","0.0","2.5","$3,868.82","1.8%","4.5%","16.4%","2.5","1.6","31.2%","4.1%","8.6%","22.8%",""
"OII","Oceaneering International, Inc.","US","NYSE","Energy Equipment and Services","-8.3%","3.1%","6.3%","2.6%","$37.99","1.7%","52.9%","4.3%","0.0","-5.1","$3,789.32","1.0%","9.1%","10.3%","0.6","1.3","30.7%","90.7%","3.4%","23.7%","16.5%"
"DORM","Dorman Products, Inc.","US","NasdaqGS","Automobile Components","2.4%","0.8%","1.9%","5.8%","$124.75","12.5%","0.5%","6.3%","0.0","-3.0","$3,727.88","2.2%","6.1%","15.5%","1.3","0.9","15.3%","28.5%","2.0%","12.7%","3.6%"
"TDW","Tidewater Inc.","US","NYSE","Energy Equipment and Services","-41.4%","0.6%","7.8%","6.6%","$74.00","-15.0%","41.7%","10.3%","0.0","2.7","$3,680.07","1.6%","22.3%","19.6%","0.2","0.6","14.3%","520.8%","33.7%","25.9%","38.1%"
"YETI","YETI Holdings, Inc.","US","NYSE","Leisure Products","4.1%","1.5%","7.2%","6.5%","$46.92","23.2%","4.6%","7.3%","0.0","1.5","$3,554.58","8.7%","5.8%","10.8%","0.4","1.8","9.8%","32.3%","14.5%","19.4%","-11.6%"
"BMI","Badger Meter, Inc.","US","NYSE","Electronic Equipment, Instruments and Components","-24.0%","-12.4%","4.5%","3.0%","$129.80","8.5%","-26.4%","4.2%","0.0","-8.0","$3,788.29","1.4%","14.8%","18.9%","-1.0","0.9","-2.6%","22.1%","1.7%","16.9%","7.6%"
"DAVE","Dave Inc.","US","NasdaqGM","Consumer Finance","-1.6%","3.1%","10.3%","9.4%","$249.33","-10.7%","13.6%","24.1%","0.0","0.9","$3,170.04","7.3%","39.8%","35.8%","0.4","3.9","239.4%","18.4%","15.2%","87.8%","-4.7%"
"OSIS","OSI Systems, Inc.","US","NasdaqGS","Electronic Equipment, Instruments and Components","2.3%","0.9%","1.9%","4.8%","$213.48","-24.5%","-16.5%","6.5%","0.0","2.2","$3,518.77","5.0%","14.5%","12.5%","2.6","1.3","20.9%","21.8%","11.0%","10.0%","17.1%"
"DLO","DLocal Limited","UY","NasdaqGS","Financial Services","21.8%","1.4%","12.3%","6.2%","$11.40","-15.3%","-19.0%","33.9%","0.0","2.6","$3,345.53","0.2%","37.3%","18.7%","-3.5","1.1","7.3%","19.0%","16.2%","62.2%","-18.9%"
"ANF","Abercrombie & Fitch Co.","US","NYSE","Specialty Retail","2.7%","-0.7%","12.2%","14.3%","$76.42","-3.2%","-38.2%","3.6%","0.0","0.9","$3,418.92","11.6%","12.4%","12.6%","0.8","1.2","34.3%","148.0%","9.6%","21.8%","14.1%"
"SKYW","SkyWest, Inc.","US","NasdaqGS","Passenger Airlines","15.4%","2.1%","7.2%","9.5%","$81.19","-0.2%","-19.8%","5.2%","0.2","1.4","$3,220.02","5.9%","11.7%","14.6%","1.9","1.6","34.7%","151.6%","7.6%","6.8%","11.1%"
"BFAM","Bright Horizons Family Solutions Inc.","US","NYSE","Diversified Consumer Services","2.5%","-0.2%","8.8%","7.0%","$59.64","-26.3%","-39.9%","5.9%","0.0","1.8","$3,137.46","13.9%","12.1%","12.3%","3.8","1.4","-11.4%","41.2%","12.3%","6.5%","-16.2%"
"OPCH","Option Care Health, Inc.","US","NasdaqGS","Health Care Providers and Services","-1.7%","-3.3%","6.6%","7.1%","$20.53","-2.9%","-36.3%","4.0%","0.0","1.1","$3,223.77","7.5%","11.9%","5.8%","2.7","0.8","-12.2%","13.8%","11.2%","9.8%","1.7%"
"HAYW","Hayward Holdings, Inc.","US","NYSE","Building Products","17.3%","6.7%","2.6%","6.3%","$13.95","-3.1%","-11.5%","5.5%","0.0","1.7","$3,026.63","0.4%","1.0%","21.3%","2.6","1.1","7.8%","12.4%","10.9%","7.6%","-10.6%"
"ITGR","Integer Holdings Corporation","US","NYSE","Health Care Equipment and Supplies","3.6%","3.2%","3.2%","3.9%","$90.89","8.3%","18.4%","1.9%","0.0","-4.6","$3,086.16","3.5%","8.7%","12.2%","3.8","0.8","3.2%","24.8%","6.3%","6.5%","1.1%"
"IPAR","Interparfums, Inc.","US","NasdaqGS","Personal Care Products","12.8%","-2.2%","7.0%","6.5%","$88.31","-1.6%","3.4%","3.5%","0.0","-2.2","$2,828.20","0.4%","9.2%","18.0%","-0.2","1.3","-9.5%","6.5%","3.1%","19.6%","5.3%"
"GEO","The GEO Group, Inc.","US","NYSE","Commercial Services and Supplies","8.7%","2.4%","-1.0%","14.1%","$23.60","27.0%","48.1%","11.0%","0.1","-0.4","$3,095.34","4.8%","3.9%","11.9%","3.4","0.7","47.0%","21.7%","43.9%","7.3%","31.9%"
"PAY","Paymentus Holdings, Inc.","US","NYSE","Financial Services","22.9%","6.7%","5.3%","3.2%","$21.11","-26.2%","-25.9%","19.0%","0.0","1.5","$2,655.41","0.5%","34.3%","6.8%","-3.6","1.5","30.0%","257.8%","23.0%","24.5%","-7.4%"
"KALU","Kaiser Aluminum Corporation","US","NasdaqGS","Metals and Mining","90.5%","10.7%","0.8%","8.2%","$186.33","10.0%","54.9%","15.0%","0.0","0.3","$3,016.74","0.3%","4.0%","6.5%","2.9","1.5","47.0%","88.5%","31.3%","8.6%","11.3%"
"PLMR","Palomar Holdings, Inc.","US","NasdaqGS","Insurance","7.1%","5.9%","13.7%","8.7%","$101.42","-12.2%","-23.1%","34.5%","0.0","0.6","$2,688.02","2.1%","42.6%","26.2%","0.9","0.5","22.5%","49.7%","18.8%","6.9%","6.9%"
"EXPO","Exponent, Inc.","US","NasdaqGS","Professional Services","3.6%","-0.8%","4.0%","6.8%","$58.31","-10.2%","-16.9%","9.9%","0.0","1.4","$2,828.71","6.3%","5.1%","21.2%","-0.3","0.8","-13.4%","3.0%","14.6%","19.6%","-6.9%"
"STNE","StoneCo Ltd.","KY","NasdaqGS","Financial Services","7.1%","1.7%","24.4%","17.8%","$10.64","-1.8%","-27.6%","5.8%","0.0","0.4","$2,587.95","20.0%","12.0%","47.7%","0.9","1.8","0.3%","493.1%","15.3%","18.5%","-27.5%"
"EEFT","Euronet Worldwide, Inc.","US","NasdaqGS","Financial Services","8.5%","4.8%","11.5%","","$69.62","-3.9%","-6.0%","6.2%","0.0","0.7","$2,650.79","26.4%","8.2%","12.0%","0.9","","-14.5%","13.8%","12.6%","8.1%","-14.2%"
"NMIH","NMI Holdings, Inc.","US","NasdaqGM","Financial Services","0.8%","0.3%","15.9%","","$35.42","-4.2%","-12.8%","5.3%","0.0","1.6","$2,690.92","4.5%","10.4%","72.8%","0.7","0.7","11.8%","12.0%","5.6%","12.3%","8.1%"
"AEO","American Eagle Outfitters, Inc.","US","NYSE","Specialty Retail","17.8%","0.9%","6.6%","11.1%","$16.34","-0.4%","-38.0%","4.4%","0.0","0.6","$2,737.35","8.7%","4.1%","7.6%","2.7","1.4","17.6%","41.3%","14.7%","9.2%","-10.9%"
"DHT","DHT Holdings, Inc.","BM","NYSE","Oil, Gas and Consumable Fuels","1.5%","1.8%","-5.0%","14.4%","$16.39","-8.6%","39.6%","16.5%","0.7","0.0","$2,639.47","0.6%","7.6%","52.0%","0.9","-0.1","40.8%","43.2%","25.7%","22.8%","30.5%"
"VVX","V2X, Inc.","US","NYSE","Aerospace and Defense","16.5%","11.4%","5.3%","8.6%","$82.74","22.0%","48.9%","7.6%","0.0","1.9","$2,590.63","1.3%","11.8%","4.3%","2.9","0.1","24.7%","27.6%","12.3%","6.9%","11.0%"
"AAMI","Acadian Asset Management Inc.","US","NYSE","Capital Markets","3.4%","7.1%","-0.5%","","$72.26","7.0%","52.5%","24.5%","0.0","0.7","$2,574.55","1.4%","15.5%","23.1%","1.4","1.3","48.9%","4.1%","31.0%","20.7%","26.8%"
"KMT","Kennametal Inc.","US","NYSE","Machinery","24.3%","4.3%","2.9%","7.0%","$32.67","-10.6%","12.7%","16.7%","0.0","0.1","$2,489.78","0.6%","1.3%","9.9%","1.6","1.5","10.6%","5.6%","38.3%","7.1%","-0.1%"
"OSW","OneSpaWorld Holdings Limited","BS","NasdaqCM","Diversified Consumer Services","5.2%","1.5%","2.7%","7.4%","$23.69","1.1%","14.8%","7.9%","0.0","2.2","$2,404.89","1.6%","15.5%","9.5%","0.6","1.1","30.1%","24.4%","14.8%","14.1%","15.1%"
"RAMP","LiveRamp Holdings, Inc.","US","NYSE","Software","12.8%","0.3%","7.5%","9.1%","$37.40","23.4%","36.4%","9.4%","0.0","0.7","$2,247.29","8.9%","10.9%","10.9%","-3.5","1.2","13.8%","7.9%","26.7%","19.3%","-5.3%"
"DXPE","DXP Enterprises, Inc.","US","NasdaqGS","Trading Companies and Distributors","6.9%","-1.9%","4.0%","2.0%","$155.23","-9.8%","44.1%","7.1%","0.0","2.2","$2,406.89","1.2%","9.1%","8.8%","3.1","1.0","67.1%","24.7%","15.7%","11.0%","37.4%"
"BLBD","Blue Bird Corporation","US","NasdaqGM","Machinery","24.8%","5.2%","8.0%","2.5%","$72.43","15.2%","54.9%","16.0%","0.0","1.4","$2,292.16","1.4%","14.3%","11.9%","-1.0","1.4","42.3%","56.8%","6.8%","49.2%","22.0%"
"MCRI","Monarch Casino & Resort, Inc.","US","NasdaqGS","Hotels, Restaurants and Leisure","36.5%","5.2%","7.3%","8.5%","$120.16","2.9%","25.1%","3.5%","0.0","0.9","$2,132.78","3.8%","4.6%","26.3%","-0.5","1.4","22.8%","9.9%","8.2%","17.5%","11.2%"
"PLUS","ePlus inc.","US","NasdaqGS","Electronic Equipment, Instruments and Components","43.6%","1.2%","-5.8%","3.5%","$80.39","-6.1%","-7.2%","5.0%","0.0","-5.1","$2,082.05","1.3%","5.7%","6.8%","-1.4","1.0","16.8%","4.0%","9.0%","10.8%","11.8%"
"CXW","CoreCivic, Inc.","US","NYSE","Commercial Services and Supplies","30.6%","1.1%","1.2%","","$21.71","7.7%","14.1%","10.0%","0.1","0.4","$2,146.87","10.9%","8.1%","10.5%","3.2","0.7","36.1%","7.5%","37.0%","6.4%","19.2%"
"SPSC","SPS Commerce, Inc.","US","NasdaqGS","Software","13.1%","-0.3%","8.2%","8.9%","$55.55","-5.1%","-36.8%","6.6%","0.0","2.1","$2,039.39","5.3%","17.4%","15.3%","-0.8","0.6","-30.3%","15.6%","9.0%","9.3%","-10.1%"
"PRDO","Perdoceo Education Corporation","US","NasdaqGS","Diversified Consumer Services","9.3%","1.5%","10.6%","5.0%","$33.09","-1.7%","13.7%","2.6%","0.0","0.7","$2,074.85","5.4%","6.5%","24.3%","-2.3","0.9","40.1%","22.3%","11.9%","23.7%","21.6%"
"GRC","The Gorman-Rupp Company","US","NYSE","Machinery","38.8%","3.5%","4.4%","4.1%","$75.99","0.7%","57.9%","5.3%","0.0","1.5","$2,006.91","0.1%","6.3%","14.6%","2.0","1.3","45.9%","78.9%","17.5%","10.3%","18.0%"